moviedb,temporada,episodio,gdrive,trailer
71446,1,1,1ginDmqbJiSirYV6gvLEJKsDtgY7NQrXE,http://br.vid.web.acsta.net/uk/medias//nmedia/55/20/03/05/17//19563522_hd_013.mp4
71446,1,2,1SJSTTmTyCL2qJWz5IG0kS6nqlnskA0PP
71446,1,4,1maB1xU3Ex2ov2IEp0QyERyh34N3nczYu
71446,1,5,12k6KhJBZZ3G8YmrPsdpG9n4GII4tx0zW
71446,1,6,1yUIYRFRAJBnfQeeKia9lDNSgGFmbSUni
71446,1,7,19VxI32Fa5G1lEYsOigLEHUTFCtl1aryA
71446,1,8,18CdCHGB-Vw9BIF4mDoofbTLIcj-QsIsB
71446,1,9,18CdCHGB-Vw9BIF4mDoofbTLIcj-QsIsB
71446,1,10,18CdCHGB-Vw9BIF4mDoofbTLIcj-QsIsB
71446,1,11,1pz9Bae9glTBgeq-J7epIWZzZi8td43m0
71446,1,12,16lTD-yN5v9GSGuCVqRcjX0HaCxWfxHsT
71446,1,13,1maB1xU3Ex2ov2IEp0QyERyh34N3nczYu
71446,1,14,12k6KhJBZZ3G8YmrPsdpG9n4GII4tx0zW
71446,1,15,1yUIYRFRAJBnfQeeKia9lDNSgGFmbSUni
71446,1,16,19VxI32Fa5G1lEYsOigLEHUTFCtl1aryA
71446,1,17,18CdCHGB-Vw9BIF4mDoofbTLIcj-QsIsB
71446,1,18,18CdCHGB-Vw9BIF4mDoofbTLIcj-QsIsB
71446,1,19,18CdCHGB-Vw9BIF4mDoofbTLIcj-QsIsB
71446,1,20,1yUIYRFRAJBnfQeeKia9lDNSgGFmbSUni
71446,1,21,19VxI32Fa5G1lEYsOigLEHUTFCtl1aryA
71446,1,22,18CdCHGB-Vw9BIF4mDoofbTLIcj-QsIsB
71446,1,23,18CdCHGB-Vw9BIF4mDoofbTLIcj-QsIsB
71446,1,24,18CdCHGB-Vw9BIF4mDoofbTLIcj-QsIsB